id,first_name,last_name,name,email,age,city,country
1,John,Doe,John Doe,john.doe@email.com,28,New York,USA
2,Jane,Smith,Jane Smith,jane.smith@email.com,32,London,UK
3,Bob,Johnson,Bob Johnson,bob.johnson@email.com,45,Toronto,Canada
4,Alice,Williams,Alice Williams,alice.w@email.com,29,Sydney,Australia
5,Charlie,Brown,Charlie Brown,charlie.b@email.com,38,Berlin,Germany
6,David,Lee,David Lee,david.lee@email.com,41,Tokyo,Japan
7,Emma,Davis,Emma Davis,emma.davis@email.com,26,Paris,France
8,Frank,Miller,Frank Miller,frank.m@email.com,34,Rome,Italy
9,Grace,Wilson,Grace Wilson,grace.w@email.com,31,Madrid,Spain
10,Henry,Moore,Henry Moore,henry.moore@email.com,39,Amsterdam,Netherlands
11,Ivy,Taylor,Ivy Taylor,ivy.taylor@email.com,27,Brussels,Belgium
12,Jack,Anderson,Jack Anderson,jack.a@email.com,43,Stockholm,Sweden
13,Kelly,Thomas,Kelly Thomas,kelly.t@email.com,30,Oslo,Norway
14,Leo,Jackson,Leo Jackson,leo.jackson@email.com,36,Copenhagen,Denmark
15,Mia,White,Mia White,mia.white@email.com,25,Helsinki,Finland
16,Noah,Harris,Noah Harris,noah.h@email.com,42,Dublin,Ireland
17,Olivia,Martin,Olivia Martin,olivia.m@email.com,33,Vienna,Austria
18,Paul,Thompson,Paul Thompson,paul.t@email.com,37,Zurich,Switzerland
19,Quinn,Garcia,Quinn Garcia,quinn.g@email.com,29,Lisbon,Portugal
20,Ruby,Martinez,Ruby Martinez,ruby.m@email.com,35,Barcelona,Spain
